app_name,base_name,category,confidence,website_guess,note
Bitgo-mainnetValidator-1,bitgo,Validator/Infra,100,https://bitgo.com,Digital asset custody & infrastructure
ByBit-MainNetValidator-1,bybit,Validator/Infra,100,https://bybit.com,Crypto exchange validator
Cantex-validator-1,cantex,DEX/AMM,100,https://cantex.io,Canton DEX by CaviarNine
cantonloop-mainnet-1,cantonloop,Wallet,100,https://lighthouse.cantonloop.com,5N Loop wallet / explorer
cantonnodes-validator-1,cantonnodes,Validator/Infra,100,https://cantonnodes.com,Canton RPC & node services
CoinMetrics-validator-1,coinmetrics,Explorer/Infra,100,https://coinmetrics.io,Crypto data & analytics
cypherock-mainnet-1,cypherock,Wallet,100,https://cypherock.com,Hardware wallet with Canton support
Fairmint-validator-1,fairmint,Tokenized Assets,100,https://fairmint.com,Equity & token issuance
flipside-validator-1,flipside,Explorer/Infra,100,https://flipsidecrypto.xyz,Onchain analytics
Hecto-Finance-1,hecto-finance,Lending,100,https://hectofinance.com,Canton DeFi protocol
HIFI-validator-1,hifi,Validator/Infra,100,https://hifi.finance,Fixed-rate lending protocol
IntellectEU-validator-1,intellecteu,Validator/Infra,100,https://intellecteu.com,Enterprise blockchain solutions
kraken-validator-01,kraken,Validator/Infra,100,https://kraken.com,Crypto exchange validator
mexc-mainNet-01,mexc,Validator/Infra,100,https://mexc.com,MEXC exchange validator
Obligate-validator-1,obligate,Tokenized Assets,100,https://obligate.com,On-chain bond issuance
pixelplex-mainnet-3,pixelplex,Explorer/Infra,100,https://pixelplex.io,Canton exchange development
proofgroup-validator-1,proofgroup,Validator/Infra,100,https://proofgroup.com,Blockchain infrastructure
Republic-validator-1,republic,Validator/Infra,100,https://republic.com,Investment platform validator
send-cantonwallet-1,cantonwallet,Wallet,100,https://cantonwallet.com,Canton Network wallet
temple-mainnet-1,temple,Orderbook/CLOB,100,https://app.templedigitalgroup.com,Institutional CLOB exchange
TextureCapital-validator-1,texturecapital,Validator/Infra,100,https://texturecapital.com,Digital asset platform
trakx-validator-1,trakx,Validator/Infra,100,https://trakx.io,Crypto index platform
blackmantacapital-primary-1,blackmantacapital-primary,Tokenized Assets,90,https://blackmanta.capital,BaFin-regulated tokenized securities
Cancore-mainnet-1,cancore,DEX/AMM,90,https://cancore.io/,Cancore | P2P Atomic Swap
cantor8-digik-1,cantor8-digik,Explorer/Infra,90,https://cantor8.tech/digik,DigiK - Canton gateway
Cumberland-GasStation-1,cumberland-gasstation,Validator/Infra,90,https://cumberland.io,Cumberland gas station (DRW subsidiary)
dfns1,dfns1,Wallet,90,https://dfns.co,DFNS wallet infrastructure
feat-unhedged-app,unhedged-app,Prediction Markets,90,https://unhedged.gg,Canton prediction markets
kucoin-node-01,kucoin-node,Validator/Infra,90,https://kucoin.com,KuCoin validator node
MPCH-BRONdvn-1,mpch-brondvn,Wallet,90,https://mpcvault.com,MPCH Bron delegation validator
nodefortress-finance-1,nodefortress-finance,Validator/Infra,90,https://nodefortress.io,Node hosting infrastructure
noves-translate,noves-translate,Explorer/Infra,90,https://noves.fi,Noves Translate API
peertrust-validator-2,peertrust,Validator/Infra,90,https://peertrust.io/home,"PeerTrust | Secure, Transparent Peer Review Infrastructure for Academic ..."
rapidchain-validator-1,rapidchain,Validator/Infra,90,https://www.cctools.network/ecosystem/rapidchain,RapidChain — Canton Ecosystem — CC Tools
raven-validator-1,raven,Tokenized Assets,90,https://docs.raven.market/,Overview — Raven Market Docs
Redstone-validator-1,redstone,Tokenized Assets,90,https://canton.wiki/projects/redstone,RedStone — Canton Network Project | canton.wiki
RootsFi-validator-01,rootsfi,Payments,90,https://cctools.network/ecosystem/rootsfi,Rootsfi — Canton Ecosystem — CC Tools
the_tie_validator,thetievalidator,Explorer/Infra,90,https://thetie.io,Crypto analytics platform
ZodiaCustody-validator-1,zodiacustody,Wallet,90,https://zodia.io,Standard Chartered crypto custody
arcane-mainnet-1,arcane,Tokenized Assets,75,https://www.northerntrust.com/united-states/pr/2026/northern-trust-builds-tokenized-asset-custody-capabilities-on-the-canton-network,Northern Trust Builds Tokenized Asset Custody Capabilities on the ...
confimarket-main-1,confimarket-main,Prediction Markets,75,https://coinmarketcap.com/cmc-ai/canton-network/latest-updates/,"Latest Canton News - (CC) Future Outlook, Trends &amp; Market Insights"
elk-Validator-2,elk,Tokenized Assets,75,https://www.cantonstrategic.com/news/canton-strategic-holdings-inc-presents-quarterly-canton-network-ecosystem-update,News | Canton Strategic Holdings
excellar-issuer,excellar-issuer,Explorer/Infra,75,https://en.wikipedia.org/wiki/Canton_Network,Canton Network - Wikipedia
FTP-validator-1,ftp,Tokenized Assets,75,https://en.wikipedia.org/wiki/Canton_Network,Canton Network - Wikipedia
fulcrum-point,fulcrum-point,Tokenized Assets,75,https://docs.digitalasset.com/integrate/devnet/canton-network-overview/index.html,Canton Network Overview — Digital Asset&#x27;s platform documentation
handl-issuer,handl-issuer,Tokenized Assets,75,https://www.bitrue.com/blog/what-is-handl,What Is HANDL Token on Canton Network Explained - bitrue.com
HeliosFinance-Mainnet-1,heliosfinance,Tokenized Assets,75,https://www.binance.com/en/square/post/04-22-2026-walletconnect-expands-to-canton-network-enhancing-institutional-finance-access-315279209435250,"WalletConnect Expands to Canton Network, Enhancing ... - Binance"
kora-app,kora-app,Explorer/Infra,75,https://canton.wiki/canton-network-projects,Canton Network Projects &amp; Apps — Complete Directory (2026) | CANTON ...
ledger-ledgerops-2,ledger-ledgerops,Validator/Infra,75,https://ledgible.io/news/ledgible-joins-canton-network-expanding-institutional-grade-digital-asset-reporting-and-portfolio-transparency-across-the-first-public-chain-with-privacy/,"Ledgible Joins Canton Network, Expanding Institutional-Grade Digital ..."
nightly-validator-1,nightly,Tokenized Assets,75,https://www.northerntrust.com/united-states/pr/2026/northern-trust-builds-tokenized-asset-custody-capabilities-on-the-canton-network,Northern Trust Builds Tokenized Asset Custody Capabilities on the ...
nodetech-mainnet-1,nodetech,Tokenized Assets,75,https://www.northerntrust.com/united-states/pr/2026/northern-trust-builds-tokenized-asset-custody-capabilities-on-the-canton-network,Northern Trust Builds Tokenized Asset Custody Capabilities on the ...
rails-cethMain-1,rails-cethmain,Explorer/Infra,75,https://ceth.network/whitepaper,cETH - ETH on Canton
rheinfin-validator-1,rheinfin,Tokenized Assets,75,https://www.rhein.finance/,Rhein Finance - Next-Generation Lending Protocol on Canton
tradefast-mainnet-1,tradefast,Orderbook/CLOB,75,https://trade.fast/,Trade.Fast
tradefast-wallet2-1,tradefast-wallet2,Wallet,75,https://www.cctools.network/ecosystem/trade-fast,TradeFast — Canton Ecosystem | CC Tools - cctools.network
walley,walley,Tokenized Assets,75,https://www.northerntrust.com/united-states/pr/2026/northern-trust-builds-tokenized-asset-custody-capabilities-on-the-canton-network,Northern Trust Builds Tokenized Asset Custody Capabilities on the ...
zkpc-cantor8-1,zkpc-cantor8,Wallet,75,https://cantor8.net/,Cantor8 | Web3 Infrastructure for Canton Network
auth0_007c6643538f2eadd3e573dd05b9,auth0007c6643538f2eadd3e573dd05b9,Tokenized Assets,65,https://www.northerntrust.com/united-states/pr/2026/northern-trust-builds-tokenized-asset-custody-capabilities-on-the-canton-network,Northern Trust Builds Tokenized Asset Custody Capabilities on the ...
auth0_007c68129abae6733ca8b889162e,auth0007c68129abae6733ca8b889162e,Tokenized Assets,65,https://learn.microsoft.com/en-us/entra/identity-platform/v2-oauth2-auth-code-flow,Microsoft identity platform and OAuth 2.0 authorization code flow
auth0_007c691c4d28726455d23d1aa6dd,auth0007c691c4d28726455d23d1aa6dd,Explorer/Infra,65,https://mysignins.microsoft.com/security-info,Sign in to your account
SatsTerminal-main-1,satsterminal-main,Unknown,65,https://www.cantonstrategic.com/news/canton-strategic-holdings-inc-presents-quarterly-canton-network-ecosystem-update,News | Canton Strategic Holdings
party-28dc4516-b5ca-44ff-86c7-2107e90a6807,party-28dc4516-b5ca-44ff-86c7-2107e90a6807,Explorer/Infra,60,https://lighthouse.cantonloop.com/tokens/CUSD,5N Lighthouse Explorer
Bridge-Operator,bridge-operator,Bridge,55,,Canton bridge operator
c7trust,c7trust,Validator/Infra,55,,C7 Technology trust service
CantonSwap,cantonswap,DEX/AMM,55,,Canton swap protocol
ccbrowser,ccbrowser,Explorer/Infra,55,,Canton Coin browser
handlpay-main-1,handlpay-main,Payments,55,,Canton payment service
iBTC-validator-1,ibtc,Validator/Infra,55,,iBTC validator
lithiumdigital-validator-1,lithiumdigital,Validator/Infra,55,,Canton validator
LoopID,loopid,Identity/Auth,55,,Identity service
M1-validator-1,m1,Validator/Infra,55,,Canton validator
palladium-validator-1,palladium,Validator/Infra,55,,Canton validator
poolparty,poolparty,DEX/AMM,55,,Liquidity pool protocol
silvana-orderbook,silvana-orderbook,Orderbook/CLOB,55,,Order book exchange
Supanova-validator-1,supanova,Validator/Infra,55,,Canton validator
TRIZEGroup-cantonMainnetValidator-1,trizegroup-cantonmainnetvalidator,Validator/Infra,55,,TRIZE Group validator
Ubyx-validator-1,ubyx,Validator/Infra,55,,Canton validator
ValaWallet-validator-1,valawallet,Wallet,55,,Vala Canton wallet
8a72dd81-b8a4-425a-9061-31ed663d4450,8a72dd81-b8a4-425a-9061-31ed663d4450,Unknown,50,https://support.hp.com/us-en/products?openCLC=true,Let&#x27;s identify your product - HP Customer Support
OKX-VALIDATOR-2,okx,Validator/Infra,40,,
sunthycloud-mainnet-1,sunthycloud,Unknown,40,,Canton cloud service
Tokino-validator-1,tokino,Validator/Infra,40,,
foundinalsunthy-mainnet-1,foundinalsunthy,Unknown,30,,Canton app
kairo-mainnet,kairo,Unknown,30,,Canton app
mandalo-mainnet-2,mandalo,Unknown,30,,Canton app
modo,modo,Unknown,30,,Canton app
modulo-mainnet-2,modulo,Unknown,30,,Canton app
openvector-mainnet-1,openvector,Unknown,30,,Canton app
tenkai-main-1,tenkai-main,Unknown,30,,Canton app
unitedapp-cc,unitedapp-cc,Unknown,30,,Canton app
yuce,yuce,Unknown,30,,
23d169c2-0909-4c70-81d1-1922de6febaa,23d169c2-0909-4c70-81d1-1922de6febaa,Unknown,15,,
931f692d-21d7-4548-82b4-d0e1c6ec7736,931f692d-21d7-4548-82b4-d0e1c6ec7736,Unknown,15,,
party-fda614d8-0b2e-4d64-9718-b4c497c56a8d,party-fda614d8-0b2e-4d64-9718-b4c497c56a8d,Unknown,15,,